{
  "002dd68a5181b8ee2d1aa149a1adf631": {
    "channelNumber": "1004",
    "name": "Canale 5 Ⓖ",
    "playlistID": "MWWH2EIL93HB7VD113K8",
    "url": "https://live02-seg.msf.cdn.mediaset.net/live/ch-c5/c5-clr.isml/index.m3u8",
    "urlID": "002dd68a5181b8ee2d1aa149a1adf631"
  },
  "093ed8038105bfa54aae48ccbd0e3090": {
    "channelNumber": "1002",
    "name": "Rai 3",
    "playlistID": "MWWH2EIL93HB7VD113K8",
    "url": "http://mediapolis.rai.it/relinker/relinkerServlet.htm?cont=308709\u0026output=7\u0026forceUserAgent=raiplayappletv",
    "urlID": "093ed8038105bfa54aae48ccbd0e3090"
  },
  "0aa33250459f8d32ed0aebda675b8687": {
    "channelNumber": "1000",
    "name": "Rai 1",
    "playlistID": "MWWH2EIL93HB7VD113K8",
    "url": "http://mediapolis.rai.it/relinker/relinkerServlet.htm?cont=2606803\u0026output=7\u0026forceUserAgent=raiplayappletv",
    "urlID": "0aa33250459f8d32ed0aebda675b8687"
  },
  "0d32755ffc9f1e7874ee3b2a53b950bd": {
    "channelNumber": "1031",
    "name": "Rai Gulp Ⓖ",
    "playlistID": "MWWH2EIL93HB7VD113K8",
    "url": "https://mediapolis.rai.it/relinker/relinkerServlet.htm?cont=746953\u0026output=7\u0026forceUserAgent=rainet/4.0.5",
    "urlID": "0d32755ffc9f1e7874ee3b2a53b950bd"
  },
  "111ccf888f961d7b02023893061a76d5": {
    "channelNumber": "1208",
    "name": "Radio Piter Pan Tv",
    "playlistID": "MWWH2EIL93HB7VD113K8",
    "url": "https://tvd-piter.fluid.stream/RadioPiterpanTV/livestream/chunklist_w1866496033.m3u8",
    "urlID": "111ccf888f961d7b02023893061a76d5"
  },
  "1447537161e705297294a97c5d55cf46": {
    "channelNumber": "1024",
    "name": "Focus Ⓖ",
    "playlistID": "MWWH2EIL93HB7VD113K8",
    "url": "https://live02-seg.msf.cdn.mediaset.net/live/ch-fu/fu-clr.isml/index.m3u8",
    "urlID": "1447537161e705297294a97c5d55cf46"
  },
  "1bf4484d8a143077094f0f12119a353c": {
    "channelNumber": "1069",
    "name": "Rai 4K Ⓖ",
    "playlistID": "MWWH2EIL93HB7VD113K8",
    "url": "https://raievent10-elem-live.akamaized.net/hls/live/619189/raievent10/raievent10/playlist.m3u8",
    "urlID": "1bf4484d8a143077094f0f12119a353c"
  },
  "1c48fec5b591d3070a7949367fd749f4": {
    "channelNumber": "1003",
    "name": "Rete 4 Ⓖ",
    "playlistID": "MWWH2EIL93HB7VD113K8",
    "url": "https://live02-seg.msf.cdn.mediaset.net/live/ch-r4/r4-clr.isml/index.m3u8",
    "urlID": "1c48fec5b591d3070a7949367fd749f4"
  },
  "1c97136594a70217053aa5470bebdd26": {
    "channelNumber": "1063",
    "name": "Sportitalia SOLOCALCIO",
    "playlistID": "MWWH2EIL93HB7VD113K8",
    "url": "https://di-g7ij0rwh.vo.lswcdn.net/sportitalia/sisolocalcio.smil/playlist.m3u8",
    "urlID": "1c97136594a70217053aa5470bebdd26"
  },
  "1cb9dc595bab9b8816deadf51f8126f3": {
    "channelNumber": "1044",
    "name": "Rai Scuola Ⓖ",
    "playlistID": "MWWH2EIL93HB7VD113K8",
    "url": "https://mediapolis.rai.it/relinker/relinkerServlet.htm?cont=747011\u0026output=7\u0026forceUserAgent=rainet/4.0.5",
    "urlID": "1cb9dc595bab9b8816deadf51f8126f3"
  },
  "1f2a006f335513f5e61c2756878aa43f": {
    "channelNumber": "1010",
    "name": "Rai 4 Ⓖ",
    "playlistID": "MWWH2EIL93HB7VD113K8",
    "url": "https://mediapolis.rai.it/relinker/relinkerServlet.htm?cont=746966\u0026output=7\u0026forceUserAgent=rainet/4.0.5",
    "urlID": "1f2a006f335513f5e61c2756878aa43f"
  },
  "1f41a6b8bdafa65793bbc1886cade5b9": {
    "channelNumber": "1032",
    "name": "Rai YoYo Ⓖ",
    "playlistID": "MWWH2EIL93HB7VD113K8",
    "url": "https://mediapolis.rai.it/relinker/relinkerServlet.htm?cont=746899\u0026output=7\u0026forceUserAgent=rainet/4.0.5",
    "urlID": "1f41a6b8bdafa65793bbc1886cade5b9"
  },
  "29e1672e33f6db6ee0ab94fdc771ddb3": {
    "channelNumber": "1034",
    "name": "Cartoonito Ⓖ",
    "playlistID": "MWWH2EIL93HB7VD113K8",
    "url": "https://live02-seg.msf.cdn.mediaset.net/live/ch-la/la-clr.isml/index.m3u8",
    "urlID": "29e1672e33f6db6ee0ab94fdc771ddb3"
  },
  "2df50783fdcce918e83d62c2d0139a4f": {
    "channelNumber": "1168",
    "name": "Motori Tv",
    "playlistID": "MWWH2EIL93HB7VD113K8",
    "url": "https://5f22d76e220e1.streamlock.net/servizio01/servizio01/playlist.m3u8",
    "urlID": "2df50783fdcce918e83d62c2d0139a4f"
  },
  "30cdae01a6f27603defa2be8c19dc802": {
    "channelNumber": "1055",
    "name": "RadioItaliaTV",
    "playlistID": "MWWH2EIL93HB7VD113K8",
    "url": "https://radioitaliatv.akamaized.net/hls/live/2093117/RadioitaliaTV/master.m3u8",
    "urlID": "30cdae01a6f27603defa2be8c19dc802"
  },
  "3581a256f6c5904a54f87dddd2a90ab2": {
    "channelNumber": "1014",
    "name": "Rai Premium Ⓖ",
    "playlistID": "MWWH2EIL93HB7VD113K8",
    "url": "https://mediapolis.rai.it/relinker/relinkerServlet.htm?cont=746992\u0026output=7\u0026forceUserAgent=rainet/4.0.5",
    "urlID": "3581a256f6c5904a54f87dddd2a90ab2"
  },
  "361a0b1e4be729952d940160d78e6702": {
    "channelNumber": "1060",
    "name": "Radio ZETA",
    "playlistID": "MWWH2EIL93HB7VD113K8",
    "url": "https://dd782ed59e2a4e86aabf6fc508674b59.msvdn.net/live/S9346184/XEx1LqlYbNic/playlist.m3u8",
    "urlID": "361a0b1e4be729952d940160d78e6702"
  },
  "4badab434d2dcff79830a13a9253cb5e": {
    "channelNumber": "1033",
    "name": "Frisbee",
    "playlistID": "MWWH2EIL93HB7VD113K8",
    "url": "https://amg16146-wbdi-amg16146c7-samsung-it-1840.playouts.now.amagi.tv/playlist/amg16146-warnerbrosdiscoveryitalia-frisbee-samsungit/playlist.m3u8",
    "urlID": "4badab434d2dcff79830a13a9253cb5e"
  },
  "4be09e28a1d8a252c094204405c2bba1": {
    "channelNumber": "1042",
    "name": "Mediaset Extra Ⓖ",
    "playlistID": "MWWH2EIL93HB7VD113K8",
    "url": "https://live02-seg.msf.cdn.mediaset.net/live/ch-kq/kq-clr.isml/index.m3u8",
    "urlID": "4be09e28a1d8a252c094204405c2bba1"
  },
  "4c540916c3a24fcf42e54f2fd244213c": {
    "channelNumber": "1200",
    "name": "Radio Bruno Tv",
    "playlistID": "MWWH2EIL93HB7VD113K8",
    "url": "https://router.xdevel.com/video0s975758-473/stream/playlist.m3u8",
    "urlID": "4c540916c3a24fcf42e54f2fd244213c"
  },
  "4d5bc7c90f8bb2e4eaa3b71955b9b3d7": {
    "channelNumber": "1018",
    "name": "La7d",
    "playlistID": "MWWH2EIL93HB7VD113K8",
    "url": "https://viamotionhsi.netplus.ch/live/eds/la7d/browser-HLS8/la7d.m3u8",
    "urlID": "4d5bc7c90f8bb2e4eaa3b71955b9b3d7"
  },
  "4f1bae583bc5315df9e71ec057cc2344": {
    "channelNumber": "1038",
    "name": "Sky TG24",
    "playlistID": "MWWH2EIL93HB7VD113K8",
    "url": "https://hlslive-web-gcdn-skycdn-it.akamaized.net/TACT/12221/web/master.m3u8?hdnts=st=1701861650~exp=1765449000~acl=/*~hmac=84c9f3f71e57b13c3a67afa8b29a8591ea9ed84bf786524399545d94be1ec04d",
    "urlID": "4f1bae583bc5315df9e71ec057cc2344"
  },
  "4fa2df0ad3db1a3bbb0cc783ca31ed01": {
    "channelNumber": "1207",
    "name": "Radio Norba Tv",
    "playlistID": "MWWH2EIL93HB7VD113K8",
    "url": "https://router.xdevel.com/video0s975885-462/stream/playlist_dvr.m3u8",
    "urlID": "4fa2df0ad3db1a3bbb0cc783ca31ed01"
  },
  "528fd8ad3b8f2168ce9a2c0a0c4f7a70": {
    "channelNumber": "1064",
    "name": "BIKE Channel",
    "playlistID": "MWWH2EIL93HB7VD113K8",
    "url": "https://stream.prod-01.milano.nxmedge.net/argocdn/bikechannel/video.m3u8",
    "urlID": "528fd8ad3b8f2168ce9a2c0a0c4f7a70"
  },
  "5384f8a69ad1383cba44d34c6a5c99e4": {
    "channelNumber": "1049",
    "name": "Donna TV Ⓢ",
    "playlistID": "MWWH2EIL93HB7VD113K8",
    "url": "https://donnatv.grupposciscione.knoxstreaming.com/live/masterpl.m3u8",
    "urlID": "5384f8a69ad1383cba44d34c6a5c99e4"
  },
  "541212236d8a2eab8a92ca4f4b1e1b5a": {
    "channelNumber": "1053",
    "name": "R101 TV Ⓖ",
    "playlistID": "MWWH2EIL93HB7VD113K8",
    "url": "https://live02-seg.msr.cdn.mediaset.net/live/ch-er/er-clr.isml/index.m3u8",
    "urlID": "541212236d8a2eab8a92ca4f4b1e1b5a"
  },
  "58fe2f3b34003e3f2a0fcc24d6a7feb7": {
    "channelNumber": "1081",
    "name": "Antenna Sud",
    "playlistID": "MWWH2EIL93HB7VD113K8",
    "url": "https://live.antennasudwebtv.it:9443/hls/vod.m3u8",
    "urlID": "58fe2f3b34003e3f2a0fcc24d6a7feb7"
  },
  "5e3553a1559a333fd7a3cca68c7070a7": {
    "channelNumber": "1039",
    "name": "TGCOM 24 Ⓖ",
    "playlistID": "MWWH2EIL93HB7VD113K8",
    "url": "https://live02-seg.msf.cdn.mediaset.net/live/ch-kf/kf-clr.isml/index.m3u8",
    "urlID": "5e3553a1559a333fd7a3cca68c7070a7"
  },
  "5edfeb199d7148077f518f23488794fd": {
    "channelNumber": "1093",
    "name": "Calabria tv",
    "playlistID": "MWWH2EIL93HB7VD113K8",
    "url": "https://64b16f23efbee.streamlock.net/calabriatv-clone/calabriatv-clone/playlist.m3u8",
    "urlID": "5edfeb199d7148077f518f23488794fd"
  },
  "63ea314d44a6e46328928a2d6e96fa57": {
    "channelNumber": "1047",
    "name": "Sportitalia Plus",
    "playlistID": "MWWH2EIL93HB7VD113K8",
    "url": "https://sportsitalia-samsungitaly.amagi.tv/playlist.m3u8",
    "urlID": "63ea314d44a6e46328928a2d6e96fa57"
  },
  "664a5db81b25e14d5ae3fd6fe9eeca27": {
    "channelNumber": "1092",
    "name": "Calabria Uno Tv",
    "playlistID": "MWWH2EIL93HB7VD113K8",
    "url": "https://635320cd397eb.streamlock.net/live/ngrp:calabriaunolive_all/playlist.m3u8",
    "urlID": "664a5db81b25e14d5ae3fd6fe9eeca27"
  },
  "6c463afdc46a17283200e17092200239": {
    "channelNumber": "1037",
    "name": "Italia 2 Ⓖ",
    "playlistID": "MWWH2EIL93HB7VD113K8",
    "url": "https://live02-seg.msf.cdn.mediaset.net/live/ch-i2/i2-clr.isml/index.m3u8",
    "urlID": "6c463afdc46a17283200e17092200239"
  },
  "6f555e1643dddebea00ce085b4ed932a": {
    "channelNumber": "1050",
    "name": "SuperTennis",
    "playlistID": "MWWH2EIL93HB7VD113K8",
    "url": "https://live-embed.supertennix.hiway.media/restreamer/supertennix_client/gpu-a-c0-16/restreamer/outgest/h24_supertennix/manifest.m3u8",
    "urlID": "6f555e1643dddebea00ce085b4ed932a"
  },
  "6fae0dc1f55145b149d72c2614a7900f": {
    "channelNumber": "1005",
    "name": "Italia 1 Ⓖ",
    "playlistID": "MWWH2EIL93HB7VD113K8",
    "url": "https://live02-seg.msf.cdn.mediaset.net/live/ch-i1/i1-clr.isml/index.m3u8",
    "urlID": "6fae0dc1f55145b149d72c2614a7900f"
  },
  "71c33b4c59ee34663701fe373713f7b0": {
    "channelNumber": "1065",
    "name": "Radio Montecarlo TV Ⓖ",
    "playlistID": "MWWH2EIL93HB7VD113K8",
    "url": "https://live02-seg.msr.cdn.mediaset.net/live/ch-bb/bb-clr.isml/index.m3u8",
    "urlID": "71c33b4c59ee34663701fe373713f7b0"
  },
  "72d83d1131380de6750c77303c01d5da": {
    "channelNumber": "1013",
    "name": "Rai Movie Ⓖ",
    "playlistID": "MWWH2EIL93HB7VD113K8",
    "url": "https://mediapolis.rai.it/relinker/relinkerServlet.htm?cont=747002\u0026output=7\u0026forceUserAgent=rainet/4.0.5",
    "urlID": "72d83d1131380de6750c77303c01d5da"
  },
  "7969c7ad8251a97321b8e2cc14076a06": {
    "channelNumber": "1020",
    "name": "Real Time",
    "playlistID": "MWWH2EIL93HB7VD113K8",
    "url": "https://amg16146-wbdi-amg16146c2-samsung-it-1835.playouts.now.amagi.tv/playlist/amg16146-warnerbrosdiscoveryitalia-realtime-samsungit/playlist.m3u8",
    "urlID": "7969c7ad8251a97321b8e2cc14076a06"
  },
  "7bd71ad1e75ce2b0d23dd30605d6a32d": {
    "channelNumber": "1153",
    "name": "LaC Tv Calabria",
    "playlistID": "MWWH2EIL93HB7VD113K8",
    "url": "https://f5842579ff984c1c98d63b8d789673eb.msvdn.net/live/S47282891/JWjL3xqPf4bX/playlist.m3u8",
    "urlID": "7bd71ad1e75ce2b0d23dd30605d6a32d"
  },
  "7cdd23977e8c0df811f67714f52c30fe": {
    "channelNumber": "1183",
    "name": "Padre Pio Tv",
    "playlistID": "MWWH2EIL93HB7VD113K8",
    "url": "https://600f07e114306.streamlock.net/PadrePioTV/livestream/playlist.m3u8",
    "urlID": "7cdd23977e8c0df811f67714f52c30fe"
  },
  "812f30ed1a8726e27ca7b1e309240982": {
    "channelNumber": "1046",
    "name": "Motor Trend",
    "playlistID": "MWWH2EIL93HB7VD113K8",
    "url": "https://amg16146-wbdi-amg16146c10-samsung-it-1843.playouts.now.amagi.tv/playlist/amg16146-warnerbrosdiscoveryitalia-motortrend-samsungit/playlist.m3u8",
    "urlID": "812f30ed1a8726e27ca7b1e309240982"
  },
  "8593f29a7a8834a4b3a2bafca9a98f63": {
    "channelNumber": "1022",
    "name": "Food Network",
    "playlistID": "MWWH2EIL93HB7VD113K8",
    "url": "https://amg16146-wbdi-amg16146c3-samsung-it-1836.playouts.now.amagi.tv/playlist/amg16146-warnerbrosdiscoveryitalia-foodnetwork-samsungit/playlist.m3u8",
    "urlID": "8593f29a7a8834a4b3a2bafca9a98f63"
  },
  "85d1aa497aa78156444e0fef657c068e": {
    "channelNumber": "1001",
    "name": "Rai 2",
    "playlistID": "MWWH2EIL93HB7VD113K8",
    "url": "http://mediapolis.rai.it/relinker/relinkerServlet.htm?cont=308718\u0026output=7\u0026forceUserAgent=raiplayappletv",
    "urlID": "85d1aa497aa78156444e0fef657c068e"
  },
  "85e3173cd6f5e5d1f4e2377a1a0906f5": {
    "channelNumber": "1035",
    "name": "Super!",
    "playlistID": "MWWH2EIL93HB7VD113K8",
    "url": "https://495c5a85d9074f29acffeaea9e0215eb.msvdn.net/super/super_main/super_main_hbbtv/playlist.m3u8",
    "urlID": "85e3173cd6f5e5d1f4e2377a1a0906f5"
  },
  "8ac1add55e3273cbd4518d175189395c": {
    "channelNumber": "1029",
    "name": "BOING   Ⓖ",
    "playlistID": "MWWH2EIL93HB7VD113K8",
    "url": "https://live02-seg.msf.cdn.mediaset.net/live/ch-kb/kb-clr.isml/index.m3u8",
    "urlID": "8ac1add55e3273cbd4518d175189395c"
  },
  "8d664ed1eb335d94df4476cd501e0bd2": {
    "channelNumber": "1230",
    "name": "RTC Telecalabria",
    "playlistID": "MWWH2EIL93HB7VD113K8",
    "url": "https://w1.mediastreaming.it/calabriachannel/livestream/playlist.m3u8",
    "urlID": "8d664ed1eb335d94df4476cd501e0bd2"
  },
  "8e7a2a7a5cce6e3f77f0edf347d8d23b": {
    "channelNumber": "1016",
    "name": "27 Twentyseven Ⓖ",
    "playlistID": "MWWH2EIL93HB7VD113K8",
    "url": "https://live02-seg.msf.cdn.mediaset.net/live/ch-ts/ts-clr.isml/index.m3u8",
    "urlID": "8e7a2a7a5cce6e3f77f0edf347d8d23b"
  },
  "8ecc89c4cd2ebec35eb89e06e7b281e2": {
    "channelNumber": "1011",
    "name": "Iris Ⓖ",
    "playlistID": "MWWH2EIL93HB7VD113K8",
    "url": "https://live02-seg.msf.cdn.mediaset.net/live/ch-ki/ki-clr.isml/index.m3u8",
    "urlID": "8ecc89c4cd2ebec35eb89e06e7b281e2"
  },
  "8f01a5ada052a4150bfc39a38d9c3083": {
    "channelNumber": "1054",
    "name": "Deejay TV",
    "playlistID": "MWWH2EIL93HB7VD113K8",
    "url": "https://4c4b867c89244861ac216426883d1ad0.msvdn.net/live/S85984808/sMO0tz9Sr2Rk/playlist.m3u8",
    "urlID": "8f01a5ada052a4150bfc39a38d9c3083"
  },
  "9a1b4b2518d5540f87d109ebde60ddbf": {
    "channelNumber": "1152",
    "name": "LaC News 24",
    "playlistID": "MWWH2EIL93HB7VD113K8",
    "url": "https://f5842579ff984c1c98d63b8d789673eb.msvdn.net/live/S27391994/HVvPMzy/playlist.m3u8",
    "urlID": "9a1b4b2518d5540f87d109ebde60ddbf"
  },
  "9a5dc9a89f20c0157a2b53aac06eb7e3": {
    "channelNumber": "1045",
    "name": "Rai Sport Ⓖ",
    "playlistID": "MWWH2EIL93HB7VD113K8",
    "url": "https://mediapolis.rai.it/relinker/relinkerServlet.htm?cont=358025\u0026output=7\u0026forceUserAgent=rainet/4.0.5",
    "urlID": "9a5dc9a89f20c0157a2b53aac06eb7e3"
  },
  "9a65a130343498d1853c8800d81bfe06": {
    "channelNumber": "1051",
    "name": "Alma TV",
    "playlistID": "MWWH2EIL93HB7VD113K8",
    "url": "https://almatv.grupposciscione.knoxstreaming.com/live/masterpl.m3u8",
    "urlID": "9a65a130343498d1853c8800d81bfe06"
  },
  "a1887026b7ed0f39a38b93aa236dffff": {
    "channelNumber": "1008",
    "name": "Nove",
    "playlistID": "MWWH2EIL93HB7VD113K8",
    "url": "https://amg16146-wbdi-amg16146c1-samsung-it-1831.playouts.now.amagi.tv/playlist/amg16146-warnerbrosdiscoveryitalia-nove-samsungit/playlist.m3u8",
    "urlID": "a1887026b7ed0f39a38b93aa236dffff"
  },
  "a3c9a8154107cc830380c79d6ed75f2d": {
    "channelNumber": "1009",
    "name": "20 Mediaset Ⓖ",
    "playlistID": "MWWH2EIL93HB7VD113K8",
    "url": "https://live02-seg.msf.cdn.mediaset.net/live/ch-lb/lb-clr.isml/index.m3u8",
    "urlID": "a3c9a8154107cc830380c79d6ed75f2d"
  },
  "a6161133004197e6c225c9baa0182dc7": {
    "channelNumber": "1015",
    "name": "Cielo",
    "playlistID": "MWWH2EIL93HB7VD113K8",
    "url": "https://hlslive-web-gcdn-skycdn-it.akamaized.net/TACT/11219/cieloweb/master.m3u8?hdnea=st=1701861650~exp=1765449000~acl=/*~hmac=84c9f3f71e57b13c3a67afa8b29a8591ea9ed84bf786524399545d94be1ec04d",
    "urlID": "a6161133004197e6c225c9baa0182dc7"
  },
  "a69a82187177b64831400bda8a0be611": {
    "channelNumber": "1175",
    "name": "Odeon 24",
    "playlistID": "MWWH2EIL93HB7VD113K8",
    "url": "https://odeon.grupposciscione.knoxstreaming.com/live/masterpl.m3u8",
    "urlID": "a69a82187177b64831400bda8a0be611"
  },
  "a9af0a0ec38cf969467316e015007d05": {
    "channelNumber": "1007",
    "name": "TV8",
    "playlistID": "MWWH2EIL93HB7VD113K8",
    "url": "https://hlslive-web-gcdn-skycdn-it.akamaized.net/TACT/11223/tv8web/master.m3u8?hdnea=st=1701861650~exp=1765449000~acl=/*~hmac=84c9f3f71e57b13c3a67afa8b29a8591ea9ed84bf786524399545d94be1ec04d",
    "urlID": "a9af0a0ec38cf969467316e015007d05"
  },
  "b2918e3ea12139041e8aa7380d142e4d": {
    "channelNumber": "1028",
    "name": "Top Crime   Ⓖ",
    "playlistID": "MWWH2EIL93HB7VD113K8",
    "url": "https://live02-seg.msf.cdn.mediaset.net/live/ch-lt/lt-clr.isml/index.m3u8",
    "urlID": "b2918e3ea12139041e8aa7380d142e4d"
  },
  "b2a1462c47d05c7575f91893d7612c8b": {
    "channelNumber": "1026",
    "name": "Warner TV",
    "playlistID": "MWWH2EIL93HB7VD113K8",
    "url": "https://amg16146-wbdi-amg16146c4-samsung-it-1837.playouts.now.amagi.tv/playlist/amg16146-warnerbrosdiscoveryitalia-warnertv-samsungit/playlist.m3u8",
    "urlID": "b2a1462c47d05c7575f91893d7612c8b"
  },
  "b39b47c0a5b6e157315b7b89315c5a7a": {
    "channelNumber": "1278",
    "name": "Tele Mia",
    "playlistID": "MWWH2EIL93HB7VD113K8",
    "url": "https://playerssl.telemia.tv/fileadmin/hls/TelemiaHD/telemia85_mediachunks.m3u8",
    "urlID": "b39b47c0a5b6e157315b7b89315c5a7a"
  },
  "b58538dcca0d450e6814e96533d13c22": {
    "channelNumber": "1363",
    "name": "Video Calabria",
    "playlistID": "MWWH2EIL93HB7VD113K8",
    "url": "https://a8a02dd9a49a4fc9810743615c65ab73.msvdn.net/live/S76734991/i6NeNqLYaspb/playlist.m3u8",
    "urlID": "b58538dcca0d450e6814e96533d13c22"
  },
  "b6440a7c239614ae98433bde0ac77337": {
    "channelNumber": "1006",
    "name": "La7",
    "playlistID": "MWWH2EIL93HB7VD113K8",
    "url": "https://d3749synfikwkv.cloudfront.net/v1/master/3722c60a815c199d9c0ef36c5b73da68a62b09d1/cc-74ylxpgd78bpb/Live.m3u8",
    "urlID": "b6440a7c239614ae98433bde0ac77337"
  },
  "b66ed9808574582785e91818c142af2a": {
    "channelNumber": "1043",
    "name": "HGTV – Home \u0026 Garden Tv",
    "playlistID": "MWWH2EIL93HB7VD113K8",
    "url": "https://amg16146-wbdi-amg16146c9-samsung-it-1842.playouts.now.amagi.tv/playlist/amg16146-warnerbrosdiscoveryitalia-hgtv-samsungit/playlist.m3u8",
    "urlID": "b66ed9808574582785e91818c142af2a"
  },
  "b81a5b694c02de1b66425132c05fb290": {
    "channelNumber": "1082",
    "name": "Antenna Sud Extra",
    "playlistID": "MWWH2EIL93HB7VD113K8",
    "url": "https://live.antennasudwebtv.it:9443/hls/vod92.m3u8",
    "urlID": "b81a5b694c02de1b66425132c05fb290"
  },
  "bc13e316f5b84272f7f8c4067aefe245": {
    "channelNumber": "1021",
    "name": "QVC",
    "playlistID": "MWWH2EIL93HB7VD113K8",
    "url": "https://qrg.akamaized.net/hls/live/2017383/lsqvc1it/master.m3u8",
    "urlID": "bc13e316f5b84272f7f8c4067aefe245"
  },
  "bd978311e456150d13eb529e45601421": {
    "channelNumber": "1019",
    "name": "La 5 Ⓖ",
    "playlistID": "MWWH2EIL93HB7VD113K8",
    "url": "https://live02-seg.msf.cdn.mediaset.net/live/ch-ka/ka-clr.isml/index.m3u8",
    "urlID": "bd978311e456150d13eb529e45601421"
  },
  "c4d8101ee92936df47e284bb5b667abc": {
    "channelNumber": "1036",
    "name": "Rai News 24 Ⓖ",
    "playlistID": "MWWH2EIL93HB7VD113K8",
    "url": "https://mediapolis.rai.it/relinker/relinkerServlet.htm?cont=1\u0026output=7\u0026forceUserAgent=rainet/4.0.5",
    "urlID": "c4d8101ee92936df47e284bb5b667abc"
  },
  "c66209504ea860382607eada8f89a2c3": {
    "channelNumber": "1040",
    "name": "DMAX",
    "playlistID": "MWWH2EIL93HB7VD113K8",
    "url": "https://amg16146-wbdi-amg16146c8-samsung-it-1841.playouts.now.amagi.tv/playlist/amg16146-warnerbrosdiscoveryitalia-dmax-samsungit/playlist.m3u8",
    "urlID": "c66209504ea860382607eada8f89a2c3"
  },
  "cd0746595caa47961bb9076131f867cd": {
    "channelNumber": "1089",
    "name": "BOM Channel",
    "playlistID": "MWWH2EIL93HB7VD113K8",
    "url": "https://5f22d76e220e1.streamlock.net/canale6/canale6/playlist.m3u8",
    "urlID": "cd0746595caa47961bb9076131f867cd"
  },
  "cf85ec56e54c1556f27f901d6c52383e": {
    "channelNumber": "1017",
    "name": "TV 2000",
    "playlistID": "MWWH2EIL93HB7VD113K8",
    "url": "https://hls-live-tv2000.akamaized.net/hls/live/2028510/tv2000/master.m3u8",
    "urlID": "cf85ec56e54c1556f27f901d6c52383e"
  },
  "d48709836d7187e8b386d4dd58d02643": {
    "channelNumber": "1279",
    "name": "Tele Mia Extra",
    "playlistID": "MWWH2EIL93HB7VD113K8",
    "url": "https://playerssl.telemia.tv/fileadmin/hls/TelemiaExtra/telemiaextra_mediachunks.m3u8",
    "urlID": "d48709836d7187e8b386d4dd58d02643"
  },
  "dc4a3dd2eb3d07c76a8371bb393c6e90": {
    "channelNumber": "1048",
    "name": "Travel TV",
    "playlistID": "MWWH2EIL93HB7VD113K8",
    "url": "https://traveltv.grupposciscione.knoxstreaming.com/live/masterpl.m3u8",
    "urlID": "dc4a3dd2eb3d07c76a8371bb393c6e90"
  },
  "de86806b8b7407ea090a4a1889a7ecf0": {
    "channelNumber": "1057",
    "name": "Rai Radio 2 Visual Radio",
    "playlistID": "MWWH2EIL93HB7VD113K8",
    "url": "https://mediapolis.rai.it/relinker/relinkerServlet.htm?cont=5674080\u0026output=7\u0026forceUserAgent=rainet/4.0.5",
    "urlID": "de86806b8b7407ea090a4a1889a7ecf0"
  },
  "e6ce236ba9ef85e0ea42fb8657651657": {
    "channelNumber": "1249",
    "name": "Super Six",
    "playlistID": "MWWH2EIL93HB7VD113K8",
    "url": "https://5db313b643fd8.streamlock.net/SUPERSIXLombardia/SUPERSIXLombardia/playlist.m3u8",
    "urlID": "e6ce236ba9ef85e0ea42fb8657651657"
  },
  "ecee1561338fe6a09daad6cc1d59c5d9": {
    "channelNumber": "1027",
    "name": "Giallo",
    "playlistID": "MWWH2EIL93HB7VD113K8",
    "url": "https://amg16146-wbdi-amg16146c5-samsung-it-1838.playouts.now.amagi.tv/playlist/amg16146-warnerbrosdiscoveryitalia-giallo-samsungit/playlist.m3u8",
    "urlID": "ecee1561338fe6a09daad6cc1d59c5d9"
  },
  "ef345ab5f2a061b7fd838ff34ab9676e": {
    "channelNumber": "1023",
    "name": "Cine34   Ⓖ",
    "playlistID": "MWWH2EIL93HB7VD113K8",
    "url": "https://live02-seg.msf.cdn.mediaset.net/live/ch-b6/b6-clr.isml/index.m3u8",
    "urlID": "ef345ab5f2a061b7fd838ff34ab9676e"
  },
  "f256275db5cda7afd3f053528c32b5b3": {
    "channelNumber": "1058",
    "name": "RadioFreccia",
    "playlistID": "MWWH2EIL93HB7VD113K8",
    "url": "https://dd782ed59e2a4e86aabf6fc508674b59.msvdn.net/live/S3160845/0tuSetc8UFkF/playlist.m3u8",
    "urlID": "f256275db5cda7afd3f053528c32b5b3"
  },
  "f2a8cfcd6637ce6d3cabca20d873c8c8": {
    "channelNumber": "1052",
    "name": "Radio 105 TV Ⓖ",
    "playlistID": "MWWH2EIL93HB7VD113K8",
    "url": "https://live02-seg.msr.cdn.mediaset.net/live/ch-ec/ec-clr.isml/index.m3u8",
    "urlID": "f2a8cfcd6637ce6d3cabca20d873c8c8"
  },
  "f5116d1e1af3418ee0fc32b1dee28492": {
    "channelNumber": "1030",
    "name": "K2",
    "playlistID": "MWWH2EIL93HB7VD113K8",
    "url": "https://amg16146-wbdi-amg16146c6-samsung-it-1839.playouts.now.amagi.tv/playlist/amg16146-warnerbrosdiscoveryitalia-k2-samsungit/playlist.m3u8",
    "urlID": "f5116d1e1af3418ee0fc32b1dee28492"
  },
  "f6ba472243e680cca005124a315a8e9f": {
    "channelNumber": "1025",
    "name": "RTL 102.5",
    "playlistID": "MWWH2EIL93HB7VD113K8",
    "url": "https://dd782ed59e2a4e86aabf6fc508674b59.msvdn.net/live/S97044836/tbbP8T1ZRPBL/playlist.m3u8",
    "urlID": "f6ba472243e680cca005124a315a8e9f"
  },
  "f7b12f86c9e8ca6863a4983b0a9030c2": {
    "channelNumber": "1231",
    "name": "RTI Calabria",
    "playlistID": "MWWH2EIL93HB7VD113K8",
    "url": "https://stream.ets-sistemi.it:8081/rticalabria/index.m3u8",
    "urlID": "f7b12f86c9e8ca6863a4983b0a9030c2"
  },
  "fccb171f436838a0c4df13b8ac50fbd6": {
    "channelNumber": "1041",
    "name": "Rai Storia Ⓖ",
    "playlistID": "MWWH2EIL93HB7VD113K8",
    "url": "https://mediapolis.rai.it/relinker/relinkerServlet.htm?cont=746990\u0026output=7\u0026forceUserAgent=rainet/4.0.5",
    "urlID": "fccb171f436838a0c4df13b8ac50fbd6"
  },
  "feb3e4e4349e6c21fad0ef482050815a": {
    "channelNumber": "1012",
    "name": "Rai 5 Ⓖ",
    "playlistID": "MWWH2EIL93HB7VD113K8",
    "url": "https://mediapolis.rai.it/relinker/relinkerServlet.htm?cont=395276\u0026output=7\u0026forceUserAgent=rainet/4.0.5",
    "urlID": "feb3e4e4349e6c21fad0ef482050815a"
  }
}